,Tm,BatAge,R/G,AB,R_x,H_x,2B,3B,HR_x,RBI,SB,CS,BB_x,SO_x,HBP_x,SH,SF,LOB_x,PAge,RA/G,W,L,W-L%,tSho,SV,H_y,R_y,HR_y,BB_y,IBB,SO_y,HBP_y,BF,LOB_y,DefEff,Ch,PO,A,E,DP,post_season,Year
0,Arizona Diamondbacks_2022,26.5,4.33,5351,702,1232,262,24,173,658,104,29,531,1341,60,31,50,1039,30.0,4.57,74,88,0.457,10,33,1345,740,191,504,18,1216,59,6065,1051,0.704,5746,4290,1370,86,134,False,2022
1,Atlanta Braves_2022,27.5,4.87,5509,789,1394,298,11,243,753,87,31,470,1498,66,1,36,1030,30.0,3.76,101,61,0.623,9,55,1224,609,148,500,21,1554,62,6031,1101,0.701,5803,4344,1382,77,110,True,2022
2,Baltimore Orioles_2022,27.0,4.16,5429,674,1281,275,25,171,639,95,31,476,1390,83,12,43,1095,27.7,4.25,83,79,0.512,15,46,1406,688,171,443,8,1214,64,6058,1092,0.69,5920,4300,1529,91,151,False,2022
3,Boston Red Sox_2022,28.8,4.54,5539,735,1427,352,12,155,704,52,20,478,1373,63,12,50,1133,30.2,4.86,78,84,0.481,10,39,1411,787,185,526,17,1346,72,6167,1109,0.683,5825,4293,1447,85,134,False,2022
4,Chicago Cubs_2022,27.9,4.06,5425,657,1293,265,31,159,620,111,37,507,1448,84,19,36,1100,29.5,4.51,74,88,0.457,11,44,1342,731,207,540,19,1383,73,6162,1130,0.697,5880,4331,1453,96,139,False,2022
5,Chicago White Sox_2022,29.3,4.23,5611,686,1435,272,9,149,654,58,10,388,1269,73,16,35,1117,29.6,4.43,81,81,0.5,14,48,1330,717,166,533,15,1450,51,6145,1110,0.688,5738,4343,1293,102,122,False,2022
6,Cincinnati Reds_2022,29.4,4.0,5380,648,1264,235,18,156,618,58,33,452,1430,92,12,33,1020,27.9,5.03,62,100,0.383,6,31,1366,815,213,612,21,1414,110,6220,1152,0.689,5647,4270,1296,81,115,False,2022
7,Cleveland Guardians_2022,25.9,4.31,5558,698,1410,273,31,127,662,119,27,450,1122,81,22,52,1156,26.3,3.91,92,70,0.568,8,51,1252,634,172,435,14,1390,57,5989,1018,0.709,5908,4368,1443,97,127,True,2022
8,Colorado Rockies_2022,29.1,4.31,5540,698,1408,280,34,149,669,45,20,453,1330,61,10,40,1113,29.1,5.39,68,94,0.42,6,43,1516,873,184,539,12,1187,59,6240,1110,0.673,5968,4276,1592,100,154,False,2022
9,Detroit Tigers_2022,27.9,3.44,5378,557,1240,235,27,110,530,47,24,380,1413,58,10,44,1015,27.5,4.4,66,96,0.407,8,38,1336,713,167,511,9,1195,57,6047,1086,0.701,5757,4259,1404,94,137,False,2022
10,Houston Astros_2022,29.3,4.55,5409,737,1341,284,13,214,715,83,22,528,1179,60,9,42,1068,29.4,3.2,106,56,0.654,18,53,1121,518,134,458,6,1524,60,5856,1017,0.719,5698,4336,1290,72,122,True,2022
11,Kansas City Royals_2022,27.1,3.95,5437,640,1327,247,38,138,613,104,34,460,1287,48,20,44,1091,27.3,5.0,65,97,0.401,9,33,1493,810,173,589,15,1191,71,6249,1204,0.675,5829,4248,1499,82,153,False,2022
12,Los Angeles Angels_2022,27.9,3.85,5423,623,1265,219,31,190,600,77,27,449,1539,54,25,25,1050,27.4,4.12,73,89,0.451,17,38,1241,668,168,540,23,1383,60,6038,1085,0.709,5773,4307,1382,84,134,False,2022
13,Los Angeles Dodgers_2022,29.6,5.23,5526,847,1418,325,31,212,812,98,18,607,1374,56,3,53,1159,28.8,3.17,111,51,0.685,15,43,1114,513,152,407,13,1465,75,5865,1015,0.729,5788,4354,1351,83,120,True,2022
14,Miami Marlins_2022,28.9,3.62,5395,586,1241,248,20,144,554,122,29,436,1429,70,4,36,1045,27.6,4.17,69,93,0.426,10,41,1311,676,173,511,19,1437,76,6056,1088,0.694,5841,4312,1460,69,143,False,2022
15,Milwaukee Brewers_2022,29.1,4.48,5417,725,1271,251,17,219,703,96,30,577,1464,80,11,37,1102,28.6,4.25,86,76,0.531,11,52,1238,688,190,521,12,1530,67,6057,1057,0.704,5848,4338,1419,91,122,False,2022
16,Minnesota Twins_2022,26.9,4.3,5476,696,1356,269,18,178,668,38,17,518,1353,62,10,46,1126,28.9,4.22,78,84,0.481,17,28,1320,684,184,468,19,1336,66,6042,1071,0.702,5701,4311,1307,83,121,False,2022
17,New York Mets_2022,29.7,4.77,5489,772,1422,272,27,171,735,62,22,510,1217,112,20,44,1158,31.2,3.74,101,61,0.623,19,41,1274,606,169,428,13,1565,71,5950,1041,0.692,5742,4316,1359,67,128,True,2022
18,New York Yankees_2022,30.2,4.98,5422,807,1308,225,8,254,764,102,33,620,1391,70,14,41,1093,29.2,3.5,99,63,0.611,16,47,1177,567,157,444,10,1459,65,5938,1047,0.72,5902,4355,1473,74,102,True,2022
19,Oakland Athletics_2022,28.3,3.51,5314,568,1147,249,15,137,537,78,23,433,1389,59,22,33,969,28.0,4.75,60,102,0.37,7,34,1394,770,195,503,37,1203,72,6121,1087,0.697,5837,4279,1466,92,139,False,2022
20,Philadelphia Phillies_2022,28.1,4.61,5496,747,1392,255,29,205,719,105,28,478,1363,52,6,44,1075,29.2,4.23,87,75,0.537,15,42,1330,685,150,463,16,1423,68,6006,1052,0.687,5770,4285,1416,69,129,True,2022
21,Pittsburgh Pirates_2022,26.3,3.65,5331,591,1186,221,29,158,555,89,32,476,1497,54,19,32,1016,27.3,5.04,62,100,0.383,6,33,1432,817,164,586,23,1250,87,6263,1197,0.677,5891,4263,1507,121,152,False,2022
22,San Diego Padres_2022,28.2,4.35,5468,705,1317,275,18,153,682,49,22,574,1327,65,17,46,1174,30.3,4.07,89,73,0.549,15,48,1263,660,173,468,6,1451,88,6047,1076,0.705,5768,4330,1362,76,116,True,2022
23,Seattle Mariners_2022,27.5,4.26,5375,690,1236,229,19,197,663,83,27,596,1397,89,9,45,1129,27.9,3.85,90,72,0.556,10,40,1277,623,186,447,24,1391,56,5986,1047,0.71,5727,4341,1317,69,114,True,2022
24,San Francisco Giants_2022,30.0,4.42,5392,716,1261,255,18,183,683,64,16,571,1462,95,6,53,1115,29.1,4.3,81,81,0.5,8,39,1397,697,132,441,16,1370,52,6070,1090,0.674,5945,4299,1546,100,130,False,2022
25,St. Louis Cardinals_2022,28.8,4.77,5496,772,1386,290,21,197,739,95,25,537,1226,80,5,45,1132,29.4,3.93,93,69,0.574,17,37,1335,637,146,489,11,1177,60,6014,1088,0.702,6074,4307,1701,66,181,True,2022
26,Tampa Bay Rays_2022,27.0,4.11,5412,666,1294,296,17,139,634,95,37,500,1395,57,7,31,1074,29.1,3.79,86,76,0.531,10,44,1260,614,172,384,15,1384,66,5930,1038,0.708,5777,4307,1386,84,110,True,2022
27,Texas Rangers_2022,28.0,4.36,5478,707,1308,224,20,198,670,128,41,456,1446,47,10,38,1007,28.3,4.59,68,94,0.42,10,37,1345,743,169,581,16,1314,71,6167,1140,0.693,5929,4305,1528,96,143,False,2022
28,Toronto Blue Jays_2022,27.1,4.78,5555,775,1464,307,12,200,756,67,35,500,1242,55,8,33,1111,29.7,4.19,92,70,0.568,10,46,1356,679,180,424,15,1390,76,6053,1069,0.691,5754,4324,1348,82,120,True,2022
29,Washington Nationals_2022,28.7,3.72,5434,603,1351,252,20,136,579,75,31,442,1221,60,20,37,1,29.7,5.28,55,107,0.34,4,28,1469,855,244,558,12,1220,75,6220,1143,0.687,5749,4235,1410,104,126,False,2022
0,Arizona Diamondbacks_2021,28.9,4.19,5489,679,1297,308,31,144,644,43,16,537,1465,54,32,28,1152,28.5,5.51,52,110,0.321,4,22,1480,893,232,555,45,1238,75,6270,1146,0.685,5726,4252,1374,100,113,False,2021
1,Atlanta Braves_2021,28.2,4.91,5363,790,1307,269,20,239,762,59,19,549,1453,67,32,43,1072,29.5,4.07,88,73,0.547,18,40,1237,656,183,516,34,1417,66,5944,1074,0.708,5786,4232,1483,71,104,True,2021
2,Baltimore Orioles_2021,26.7,4.07,5420,659,1296,266,15,195,632,54,23,451,1454,65,14,31,1046,28.1,5.9,52,110,0.321,5,26,1518,956,258,563,12,1234,68,6252,1103,0.683,5639,4206,1359,74,101,False,2021
3,Boston Red Sox_2021,28.0,5.12,5495,829,1434,330,23,219,783,40,21,512,1386,61,10,42,1093,29.7,4.62,92,70,0.568,7,49,1409,749,176,546,31,1527,79,6147,1163,0.659,5786,4257,1421,108,143,True,2021
4,Chicago Cubs_2021,29.1,4.35,5306,705,1255,225,26,210,672,86,37,502,1596,92,40,30,1019,29.4,5.18,71,91,0.438,8,40,1386,839,235,596,25,1358,98,6202,1143,0.691,5879,4238,1554,87,149,False,2021
5,Chicago White Sox_2021,28.0,4.91,5357,796,1373,275,22,190,757,57,20,586,1389,78,24,39,1125,28.3,3.93,93,69,0.574,13,43,1205,636,182,485,16,1588,51,5861,1029,0.694,5517,4210,1210,97,112,True,2021
6,Cincinnati Reds_2021,28.9,4.85,5423,786,1352,295,13,222,756,36,24,553,1425,105,35,45,1110,28.9,4.69,83,79,0.512,8,41,1330,760,206,617,30,1524,64,6199,1161,0.688,5816,4303,1422,91,125,False,2021
7,Cleveland Indians_2021,26.7,4.43,5332,717,1269,248,22,203,686,109,17,453,1387,64,20,36,987,26.3,4.49,80,82,0.494,9,39,1281,727,216,522,12,1391,59,5968,1035,0.703,5710,4224,1400,86,138,False,2021
8,Colorado Rockies_2021,28.1,4.59,5374,739,1338,275,34,182,709,76,23,491,1356,58,48,36,1074,28.3,4.94,74,87,0.46,6,33,1397,796,196,539,19,1269,63,6044,1081,0.686,5780,4191,1516,73,140,False,2021
9,Detroit Tigers_2021,28.1,4.3,5376,697,1299,236,37,179,675,88,25,490,1514,44,17,50,1031,27.3,4.67,77,85,0.475,7,42,1370,756,199,571,10,1259,82,6164,1174,0.698,5834,4259,1492,83,136,False,2021
10,Houston Astros_2021,28.9,5.33,5593,863,1496,299,14,221,834,53,16,569,1222,64,9,54,1159,28.7,4.06,95,67,0.586,8,34,1231,658,187,549,12,1456,70,6060,1092,0.713,5836,4335,1432,69,126,True,2021
11,Kansas City Royals_2021,29.3,4.23,5427,686,1349,251,29,163,647,124,33,421,1258,55,31,52,1050,27.9,4.86,74,88,0.457,7,37,1375,788,189,591,16,1344,62,6127,1101,0.685,5758,4252,1422,84,152,False,2021
12,Los Angeles Angels_2021,29.2,4.46,5437,723,1331,265,23,190,691,79,26,464,1394,59,30,25,1029,28.6,4.96,77,85,0.475,4,39,1373,804,188,592,18,1453,76,6196,1141,0.68,5772,4265,1419,88,131,False,2021
13,Los Angeles Dodgers_2021,29.2,5.12,5445,830,1330,247,24,237,799,65,17,613,1408,104,32,45,1169,28.8,3.46,106,56,0.654,17,56,1107,561,161,486,43,1599,63,5948,1063,0.723,5748,4356,1303,89,94,True,2021
14,Miami Marlins_2021,28.2,3.85,5348,623,1244,226,23,158,594,106,29,450,1553,65,30,30,1042,27.3,4.33,67,95,0.414,8,33,1282,701,162,529,43,1381,88,6027,1103,0.689,5810,4245,1443,122,146,False,2021
15,Milwaukee Brewers_2021,28.7,4.56,5362,738,1251,255,18,194,700,82,21,586,1465,88,25,35,1113,28.1,3.85,95,67,0.586,19,44,1156,623,168,537,19,1618,77,5990,1084,0.708,5732,4308,1330,94,102,True,2021
16,Minnesota Twins_2021,28.3,4.5,5431,729,1311,271,17,228,690,54,15,525,1405,70,7,42,1092,29.8,5.15,73,89,0.451,9,42,1392,834,239,484,13,1317,62,6080,1017,0.692,5785,4258,1420,107,139,False,2021
17,New York Mets_2021,28.2,3.93,5210,636,1243,228,18,176,604,54,26,495,1392,94,34,23,1099,29.5,4.12,77,85,0.475,8,41,1221,668,190,475,21,1453,70,5785,1005,0.697,5543,4138,1311,94,121,False,2021
18,New York Yankees_2021,29.3,4.39,5331,711,1266,213,12,222,666,63,18,621,1482,63,10,34,1097,29.3,4.13,92,70,0.568,13,47,1243,669,196,492,10,1569,56,5999,1048,0.698,5721,4306,1317,98,115,True,2021
19,Oakland Athletics_2021,30.1,4.59,5395,743,1284,271,19,199,698,88,20,545,1349,98,17,49,1084,30.1,4.24,86,76,0.531,11,39,1362,687,191,439,11,1332,64,6060,1089,0.698,5691,4299,1320,72,116,False,2021
20,Philadelphia Phillies_2021,29.1,4.53,5366,734,1288,262,24,198,700,77,19,564,1402,67,47,43,1115,28.8,4.6,82,80,0.506,12,36,1321,745,200,509,37,1480,75,6055,1074,0.687,5789,4256,1439,94,142,False,2021
21,Pittsburgh Pirates_2021,27.5,3.76,5336,609,1261,240,35,124,570,60,30,529,1328,49,31,37,1128,27.4,5.14,61,101,0.377,6,25,1400,833,213,606,26,1312,78,6140,1128,0.687,5637,4189,1378,70,139,False,2021
22,San Diego Padres_2021,28.0,4.5,5384,729,1305,273,21,180,695,110,39,586,1324,61,36,46,1123,29.6,4.37,79,83,0.488,11,43,1277,708,205,516,33,1517,87,6056,1086,0.698,5771,4290,1399,82,139,False,2021
23,Seattle Mariners_2021,27.0,4.3,5355,697,1209,233,11,199,673,64,24,535,1492,72,9,36,1040,28.0,4.62,90,72,0.556,10,51,1356,748,197,485,23,1328,69,6106,1065,0.699,5784,4321,1384,79,135,False,2021
24,San Francisco Giants_2021,30.6,4.96,5462,804,1360,271,25,241,768,66,14,602,1461,64,36,30,1138,29.7,3.67,107,55,0.66,18,56,1254,594,151,416,20,1425,63,6002,1072,0.707,5916,4365,1471,80,122,True,2021
25,St. Louis Cardinals_2021,28.5,4.36,5351,706,1303,261,22,198,678,89,22,478,1341,86,40,44,1081,30.1,4.15,90,72,0.556,15,50,1234,672,152,608,30,1225,85,6046,1134,0.714,5848,4251,1513,84,137,True,2021
26,Tampa Bay Rays_2021,27.7,5.29,5507,857,1336,288,36,222,810,88,42,585,1542,72,6,41,1085,28.8,4.02,100,62,0.617,13,42,1264,651,184,436,27,1478,55,5998,1009,0.706,5805,4367,1358,80,130,True,2021
27,Texas Rangers_2021,26.8,3.86,5405,625,1254,225,24,167,598,106,29,433,1381,58,16,31,1007,27.8,5.03,60,102,0.37,3,31,1402,815,232,513,11,1239,61,6103,1040,0.698,5818,4273,1462,83,146,False,2021
28,Toronto Blue Jays_2021,26.8,5.22,5476,846,1455,285,13,262,816,81,20,496,1218,51,10,35,1056,29.1,4.09,91,71,0.562,14,34,1257,663,209,473,10,1468,75,5916,1054,0.7,5676,4216,1370,90,122,False,2021
29,Washington Nationals_2021,28.7,4.47,5385,724,1388,272,20,182,686,56,26,573,1303,84,38,31,118,30.1,5.06,65,97,0.401,8,36,1364,820,247,548,46,1346,71,6073,1087,0.694,5641,4184,1361,96,116,False,2021
0,Arizona Diamondbacks_2020,29.1,4.48,1997,269,482,101,12,58,255,23,7,181,461,36,1,23,402,27.7,4.92,25,35,0.417,1,13,506,295,93,235,20,524,23,2279,432,0.689,2064,1555,474,35,54,False,2020
1,Atlanta Braves_2020,28.2,5.8,2074,348,556,130,3,103,338,23,4,239,573,23,1,7,446,28.5,4.8,35,25,0.583,4,13,494,288,69,220,13,506,33,2276,424,0.692,2140,1573,533,34,52,True,2020
2,Baltimore Orioles_2020,26.3,4.57,2026,274,523,102,7,77,264,19,14,164,514,27,15,10,410,28.3,4.9,25,35,0.417,1,11,489,294,79,192,2,487,34,2246,407,0.698,2110,1556,511,43,42,False,2020
3,Boston Red Sox_2020,27.0,4.87,2083,292,552,118,7,81,278,31,9,187,545,21,4,9,429,29.1,5.85,24,36,0.4,2,14,587,351,98,252,4,537,31,2389,473,0.647,2139,1572,522,45,59,False,2020
4,Chicago Cubs_2020,27.9,4.42,1918,265,422,82,8,74,248,24,10,229,568,52,1,13,412,30.3,4.0,34,26,0.567,8,16,451,240,74,182,7,523,17,2153,364,0.708,2144,1555,559,30,46,True,2020
5,Chicago White Sox_2020,27.6,5.1,2047,306,534,94,6,96,294,20,8,179,571,24,1,13,400,27.6,4.1,35,25,0.583,6,13,448,246,71,217,6,523,23,2235,411,0.712,2137,1581,517,39,48,True,2020
6,Cincinnati Reds_2020,29.1,4.05,1842,243,390,76,3,90,237,29,9,239,534,33,0,7,371,28.6,4.05,31,29,0.517,5,9,401,243,67,213,6,615,29,2125,372,0.707,1981,1512,442,27,36,True,2020
7,Cleveland Indians_2020,27.9,4.13,1959,248,446,96,5,59,234,25,10,239,517,24,7,16,412,27.6,3.48,35,25,0.583,7,20,440,209,68,157,8,621,27,2176,367,0.701,2138,1608,500,30,46,True,2020
8,Colorado Rockies_2020,28.7,4.58,2057,275,528,84,16,63,264,42,9,161,543,10,7,19,395,27.3,5.88,26,34,0.433,1,16,579,353,83,205,5,393,40,2335,409,0.675,2255,1579,633,43,78,False,2020
9,Detroit Tigers_2020,27.5,4.29,1893,249,463,78,12,62,242,19,6,147,567,19,1,14,337,26.6,5.48,23,35,0.397,1,11,511,318,91,192,2,444,34,2174,383,0.69,2008,1477,502,29,46,False,2020
10,Houston Astros_2020,29.2,4.65,1992,279,478,103,12,69,268,22,11,192,440,23,6,13,400,27.0,4.58,29,31,0.483,0,16,472,275,70,217,7,526,29,2239,410,0.703,2138,1572,546,20,48,True,2020
11,Kansas City Royals_2020,27.8,4.13,1988,248,485,97,7,68,237,49,20,172,527,18,8,10,395,27.1,4.53,26,34,0.433,4,19,500,272,76,211,7,517,29,2233,413,0.683,2085,1551,503,31,62,False,2020
12,Los Angeles Angels_2020,28.5,4.9,2020,294,501,97,8,85,285,21,8,239,490,25,6,18,436,27.4,5.35,26,34,0.433,2,12,492,321,82,199,8,523,21,2256,370,0.698,2097,1576,485,36,36,False,2020
13,Los Angeles Dodgers_2020,28.0,5.82,2042,349,523,97,6,118,327,29,8,228,471,30,3,12,401,27.6,3.55,43,17,0.717,5,15,424,213,66,145,4,517,21,2172,353,0.729,2200,1616,544,40,46,True,2020
14,Miami Marlins_2020,29.0,4.38,1935,263,472,82,5,60,247,51,14,191,537,25,6,9,401,27.5,5.07,31,29,0.517,6,18,506,304,82,226,14,451,26,2214,403,0.686,2101,1512,549,40,60,True,2020
15,Milwaukee Brewers_2020,28.5,4.12,1920,247,429,83,5,75,238,15,11,221,582,35,0,10,393,28.0,4.4,29,31,0.483,8,14,446,264,67,189,1,614,35,2186,379,0.687,2081,1552,494,35,45,True,2020
16,Minnesota Twins_2020,28.7,4.48,1937,269,468,81,3,91,258,14,7,186,528,29,2,14,378,30.0,3.58,36,24,0.6,4,17,448,215,62,170,0,535,21,2130,381,0.703,2019,1540,459,20,39,True,2020
17,New York Mets_2020,27.8,4.77,2023,286,551,106,7,86,278,20,10,197,498,45,1,13,450,29.2,5.13,26,34,0.433,1,11,511,308,81,219,7,574,29,2262,419,0.668,2066,1540,494,32,39,False,2020
18,New York Yankees_2020,28.5,5.25,1915,315,473,87,7,94,301,27,7,251,480,30,1,11,409,29.2,4.5,33,27,0.55,2,14,455,270,83,168,5,528,25,2133,371,0.695,2022,1502,472,48,37,True,2020
19,Oakland Athletics_2020,28.1,4.57,1908,274,430,91,11,71,264,26,3,238,524,39,2,14,401,29.9,3.87,36,24,0.6,5,17,471,232,69,165,6,506,15,2164,396,0.703,2061,1546,489,26,33,True,2020
20,Philadelphia Phillies_2020,28.5,5.1,1948,306,500,90,10,82,289,35,8,229,480,28,8,10,425,29.1,5.18,28,32,0.467,5,11,550,311,80,185,12,532,28,2197,401,0.642,2063,1491,536,36,57,False,2020
21,Pittsburgh Pirates_2020,27.1,3.65,1932,219,425,76,6,59,210,16,11,167,521,11,7,15,355,27.7,4.97,19,41,0.317,3,6,451,298,80,249,3,536,37,2227,400,0.697,2097,1539,511,47,53,False,2020
22,San Diego Padres_2020,26.7,5.42,1972,325,506,103,12,95,312,55,13,204,479,28,12,14,368,27.8,4.02,37,23,0.617,5,13,456,241,70,170,2,565,22,2160,363,0.695,2096,1561,502,33,46,True,2020
23,Seattle Mariners_2020,26.6,4.23,1929,254,435,88,5,60,244,50,16,207,545,30,3,12,379,26.6,5.05,27,33,0.45,0,15,482,303,79,230,7,469,37,2249,402,0.708,2075,1550,502,23,48,False,2020
24,San Francisco Giants_2020,29.8,4.98,2019,299,532,107,14,81,290,19,8,195,499,27,4,13,411,29.0,4.95,29,31,0.483,0,13,474,297,69,210,2,488,34,2240,397,0.699,2086,1553,491,42,43,False,2020
25,St. Louis Cardinals_2020,28.8,4.14,1752,240,410,73,7,51,231,18,10,205,477,33,4,16,365,27.6,3.95,30,28,0.517,2,13,376,229,69,204,8,464,26,1989,348,0.731,1941,1419,489,33,46,True,2020
26,Tampa Bay Rays_2020,27.1,4.82,1975,289,470,105,12,80,274,48,9,243,608,28,0,14,424,28.1,3.82,40,20,0.667,4,23,475,229,70,168,4,552,29,2212,408,0.693,2157,1583,541,33,52,True,2020
27,Texas Rangers_2020,27.4,3.73,1936,224,420,80,9,62,204,49,14,167,548,24,2,18,354,28.7,5.2,22,38,0.367,3,10,479,312,81,236,3,489,30,2273,415,0.704,2057,1550,467,40,40,False,2020
28,Toronto Blue Jays_2020,25.9,5.03,2023,302,516,104,4,88,288,33,6,203,508,12,8,14,404,29.5,5.2,32,28,0.533,1,17,517,312,81,250,7,519,14,2309,435,0.681,2143,1574,530,39,47,True,2020
29,Washington Nationals_2020,28.6,4.88,1968,293,519,112,12,66,279,33,12,192,451,32,5,21,411,30.8,5.02,26,34,0.433,3,12,548,301,94,216,22,508,22,2273,468,0.664,2012,1511,462,39,48,False,2020
0,Arizona Diamondbacks_2019,28.7,5.02,5633,813,1419,288,40,220,778,88,14,540,1360,70,31,40,1119,28.6,4.59,85,77,0.525,11,45,1400,743,220,516,38,1427,62,6230,1092,0.692,6042,4395,1561,86,136,False,2019
1,Atlanta Braves_2019,28.0,5.28,5560,855,1432,277,29,249,824,89,28,619,1467,60,25,35,1138,27.5,4.59,97,65,0.599,8,44,1421,743,203,548,33,1393,69,6243,1148,0.685,5952,4352,1522,78,154,True,2019
2,Baltimore Orioles_2019,26.5,4.5,5596,729,1379,252,25,213,698,84,30,462,1435,71,22,37,1063,27.3,6.06,54,108,0.333,5,27,1544,981,305,561,11,1248,80,6396,1086,0.688,5879,4329,1442,108,155,False,2019
3,Boston Red Sox_2019,27.3,5.56,5770,901,1554,345,27,245,857,68,30,590,1382,49,20,44,1170,29.0,5.11,84,78,0.519,8,33,1423,828,215,605,22,1633,76,6400,1159,0.673,5937,4413,1436,88,115,False,2019
4,Chicago Cubs_2019,27.7,5.02,5461,814,1378,270,26,256,783,45,24,581,1460,83,30,39,1071,31.1,4.43,84,78,0.519,10,38,1376,717,195,534,16,1444,80,6190,1147,0.681,6063,4326,1619,118,141,False,2019
5,Chicago White Sox_2019,27.6,4.4,5529,708,1443,260,20,182,676,63,28,378,1549,66,36,32,1071,27.6,5.17,72,89,0.447,7,33,1438,832,238,582,30,1312,51,6159,1089,0.678,5880,4238,1525,117,171,False,2019
6,Cincinnati Reds_2019,27.8,4.33,5450,701,1328,235,27,227,679,80,38,492,1436,89,30,33,1073,28.2,4.39,75,87,0.463,10,46,1270,711,214,536,31,1552,58,6057,1032,0.699,5865,4314,1460,91,124,False,2019
7,Cleveland Indians_2019,27.7,4.75,5425,769,1354,286,18,223,731,103,35,563,1332,50,40,46,1072,28.3,4.06,93,69,0.574,16,42,1308,657,207,450,19,1508,62,6008,1038,0.695,5718,4313,1322,83,110,False,2019
8,Colorado Rockies_2019,28.2,5.15,5660,835,1502,323,41,224,803,71,31,489,1503,43,51,43,1075,27.3,5.91,71,91,0.438,5,28,1576,958,270,589,33,1264,57,6423,1119,0.677,6201,4346,1758,97,165,False,2019
9,Detroit Tigers_2019,27.6,3.61,5549,582,1333,292,41,149,556,57,20,391,1595,48,9,42,1069,27.8,5.68,47,114,0.292,3,31,1555,915,250,536,24,1368,69,6341,1127,0.666,5861,4299,1452,110,127,False,2019
10,Houston Astros_2019,29.0,5.68,5613,920,1538,323,28,288,891,67,27,645,1166,66,10,57,1168,29.9,3.95,107,55,0.66,14,47,1205,640,230,448,0,1671,41,5995,968,0.717,5811,4387,1353,71,96,True,2019
11,Kansas City Royals_2019,27.6,4.27,5496,691,1356,281,40,162,655,117,39,456,1405,59,24,42,1056,27.9,5.36,59,103,0.364,7,37,1525,869,221,582,25,1230,81,6307,1163,0.678,5853,4275,1505,73,152,False,2019
12,Los Angeles Angels_2019,28.8,4.75,5542,769,1368,268,21,220,734,65,20,586,1276,67,4,42,1125,27.0,5.36,72,90,0.444,2,32,1417,868,267,576,11,1404,82,6289,1093,0.695,5889,4328,1469,92,118,False,2019
13,Los Angeles Dodgers_2019,27.9,5.47,5493,886,1414,302,20,279,861,57,10,607,1356,81,55,45,1124,28.9,3.78,106,56,0.654,18,44,1201,613,185,392,24,1519,66,5913,963,0.71,5871,4337,1428,106,117,True,2019
14,Miami Marlins_2019,28.4,3.8,5512,615,1326,265,18,146,593,55,30,395,1469,73,31,33,1034,26.5,4.99,57,105,0.352,8,27,1340,808,236,615,52,1378,90,6247,1106,0.703,5791,4333,1364,94,135,False,2019
15,Milwaukee Brewers_2019,28.9,4.75,5542,769,1366,279,17,250,744,101,25,629,1563,72,20,38,1180,28.7,4.73,89,73,0.549,7,50,1364,766,225,570,28,1497,60,6251,1107,0.691,5870,4378,1395,97,135,True,2019
16,Minnesota Twins_2019,27.8,5.8,5732,939,1547,318,23,307,906,28,21,525,1334,81,10,41,1115,28.2,4.65,101,61,0.623,10,50,1456,754,198,452,10,1463,61,6246,1102,0.673,5906,4390,1405,111,130,True,2019
17,New York Mets_2019,27.9,4.88,5624,791,1445,280,17,242,767,56,27,516,1384,95,28,27,1128,28.6,4.55,86,76,0.531,12,38,1405,737,204,500,40,1520,60,6232,1112,0.679,5917,4383,1435,99,129,False,2019
18,New York Yankees_2019,28.3,5.82,5583,943,1493,290,17,306,904,55,22,569,1437,49,10,33,1039,30.2,4.56,103,59,0.636,9,50,1374,739,248,507,12,1534,44,6133,1065,0.686,5778,4329,1347,102,135,True,2019
19,Oakland Athletics_2019,27.8,5.22,5561,845,1384,292,23,257,800,49,21,578,1338,87,7,36,1081,30.8,4.2,97,65,0.599,12,45,1342,680,201,477,19,1299,66,6153,1078,0.71,5939,4395,1464,80,122,True,2019
20,Philadelphia Phillies_2019,27.7,4.78,5571,774,1369,311,26,215,742,78,18,562,1453,57,34,34,1129,28.4,4.9,81,81,0.5,7,36,1452,794,258,546,38,1392,71,6274,1119,0.687,6010,4361,1552,97,136,False,2019
21,Pittsburgh Pirates_2019,27.5,4.68,5657,758,1497,315,38,163,722,64,29,425,1213,63,47,34,1103,27.2,5.62,69,93,0.426,6,31,1511,911,241,584,22,1443,85,6391,1160,0.666,5934,4320,1493,121,130,False,2019
22,San Diego Padres_2019,26.2,4.21,5391,682,1281,224,24,219,652,70,37,504,1581,55,37,31,1008,26.3,4.87,70,92,0.432,6,47,1394,789,215,463,19,1475,68,6160,1075,0.68,5798,4296,1386,116,100,False,2019
23,Seattle Mariners_2019,27.8,4.68,5500,758,1305,254,28,239,730,115,47,588,1581,58,14,37,1080,28.6,5.51,68,94,0.42,4,34,1484,893,260,505,25,1239,51,6268,1057,0.688,5940,4318,1490,132,145,False,2019
24,San Francisco Giants_2019,29.9,4.19,5579,678,1332,300,26,167,655,47,28,475,1435,50,24,42,1069,28.9,4.77,77,85,0.475,8,41,1395,773,227,519,26,1368,65,6256,1076,0.699,6033,4407,1536,90,142,False,2019
25,St. Louis Cardinals_2019,28.8,4.72,5449,764,1336,246,24,210,714,116,29,561,1420,76,40,39,1107,27.8,4.09,91,71,0.562,14,52,1284,662,191,545,41,1399,69,6068,1074,0.706,5976,4332,1578,66,168,True,2019
26,Tampa Bay Rays_2019,27.2,4.75,5628,769,1427,291,29,217,730,94,37,542,1493,73,8,34,1130,27.8,4.05,96,66,0.593,12,46,1274,656,181,453,27,1621,60,6086,1007,0.695,5924,4423,1414,87,126,True,2019
27,Texas Rangers_2019,28.8,5.0,5540,810,1374,296,24,223,765,131,38,534,1578,67,17,44,1066,28.3,5.42,78,84,0.481,9,33,1515,878,241,583,11,1379,70,6354,1162,0.671,5783,4314,1364,105,143,False,2019
28,Toronto Blue Jays_2019,25.9,4.48,5493,726,1299,270,21,247,697,51,20,509,1514,45,14,28,1003,28.0,5.11,67,95,0.414,7,33,1450,828,228,604,25,1332,69,6313,1164,0.685,5920,4321,1503,96,141,False,2019
29,Washington Nationals_2019,28.8,5.39,5512,873,1460,298,27,231,824,116,29,584,1308,81,48,42,1114,30.8,4.47,93,69,0.574,13,40,1340,724,202,517,41,1511,61,6134,1092,0.689,5779,4318,1374,87,111,True,2019
0,Arizona Diamondbacks_2018,29.2,4.28,5460,693,1283,259,50,176,658,79,25,560,1460,52,38,45,1086,29.6,3.98,82,80,0.506,9,39,1313,644,174,522,43,1448,57,6139,1106,0.698,6150,4389,1686,75,152,False,2018
1,Atlanta Braves_2018,27.3,4.69,5582,759,1433,314,29,175,717,90,36,511,1290,66,49,43,1143,27.7,4.06,90,72,0.556,11,40,1236,657,153,635,43,1423,52,6155,1128,0.709,5889,4370,1439,80,134,True,2018
2,Baltimore Orioles_2018,28.4,3.84,5507,622,1317,242,15,188,593,81,22,422,1412,57,13,35,1027,27.1,5.51,47,115,0.29,7,28,1552,892,234,589,29,1203,67,6340,1155,0.674,5934,4293,1537,104,159,False,2018
3,Boston Red Sox_2018,27.7,5.41,5623,876,1509,355,31,208,829,125,31,569,1253,55,7,48,1124,28.9,3.99,108,54,0.667,14,46,1305,647,176,512,8,1558,84,6166,1143,0.693,5819,4376,1366,77,106,True,2018
4,Chicago Cubs_2018,27.2,4.67,5624,761,1453,286,34,167,722,66,38,576,1388,78,40,46,1224,30.2,3.96,95,68,0.583,18,46,1319,645,157,622,33,1333,66,6264,1190,0.7,6208,4429,1675,104,155,True,2018
5,Chicago White Sox_2018,26.5,4.05,5523,656,1332,259,40,182,639,98,41,425,1594,66,24,32,1050,27.6,5.23,62,100,0.383,8,34,1404,848,196,653,25,1259,89,6339,1180,0.69,5856,4311,1431,114,135,False,2018
6,Cincinnati Reds_2018,27.2,4.3,5532,696,1404,251,25,172,665,77,33,559,1376,65,49,35,1179,27.1,5.06,67,95,0.414,6,38,1491,819,228,532,60,1258,50,6279,1137,0.685,6026,4323,1608,95,144,False,2018
7,Cleveland Indians_2018,29.4,5.05,5595,818,1447,297,19,216,786,135,36,554,1189,80,25,44,1147,29.4,4.0,91,71,0.562,17,41,1349,648,200,407,29,1544,59,6071,1051,0.688,5808,4372,1353,83,123,True,2018
8,Colorado Rockies_2018,28.7,4.79,5541,780,1418,280,42,210,748,95,33,507,1397,51,42,37,1067,27.9,4.57,91,72,0.558,10,51,1377,745,184,525,24,1409,52,6154,1052,0.688,6055,4357,1624,74,162,True,2018
9,Detroit Tigers_2018,27.9,3.89,5494,630,1326,284,35,135,597,70,30,428,1341,52,15,40,1071,28.6,4.91,64,98,0.395,2,37,1423,796,216,491,20,1215,60,6130,1058,0.694,5799,4276,1428,95,126,False,2018
10,Houston Astros_2018,28.2,4.92,5453,797,1390,278,18,205,763,71,26,565,1197,61,14,45,1052,30.0,3.3,103,59,0.636,12,46,1164,534,152,435,4,1687,66,5913,1014,0.705,5797,4365,1369,63,116,True,2018
11,Kansas City Royals_2018,28.6,3.94,5505,638,1350,283,29,155,606,117,38,427,1310,67,24,40,1063,27.6,5.14,58,104,0.358,8,33,1542,833,205,549,28,1157,51,6284,1155,0.68,5902,4296,1529,77,142,False,2018
12,Los Angeles Angels_2018,29.6,4.45,5472,721,1323,249,23,214,690,89,22,514,1300,73,7,39,1071,27.5,4.46,80,82,0.494,9,35,1353,722,205,546,17,1386,65,6108,1074,0.693,5890,4312,1502,76,173,False,2018
13,Los Angeles Dodgers_2018,28.1,4.93,5572,804,1394,296,33,235,756,75,24,647,1436,61,39,39,1163,29.2,3.74,92,71,0.564,11,48,1279,610,179,422,39,1565,61,6096,1058,0.698,5963,4428,1435,100,111,True,2018
14,Miami Marlins_2018,27.5,3.66,5488,589,1303,222,24,128,554,45,31,455,1384,73,32,31,1123,27.6,5.02,63,98,0.391,12,30,1388,809,192,605,73,1249,71,6236,1101,0.697,5857,4326,1448,83,133,False,2018
15,Milwaukee Brewers_2018,28.8,4.63,5542,754,1398,252,24,218,711,124,32,537,1458,58,29,41,1106,28.8,4.04,96,67,0.589,14,49,1259,659,173,553,34,1428,61,6114,1072,0.704,5944,4383,1453,108,141,True,2018
16,Minnesota Twins_2018,28.2,4.56,5526,738,1379,317,22,166,704,47,27,534,1328,37,19,38,1087,28.5,4.78,78,84,0.481,7,37,1425,775,198,573,34,1377,80,6287,1182,0.682,5881,4330,1454,97,127,False,2018
17,New York Mets_2018,28.3,4.17,5468,676,1282,265,34,170,649,71,39,566,1404,73,28,42,1104,28.0,4.36,77,85,0.475,15,41,1364,707,185,484,32,1446,71,6178,1089,0.691,5876,4382,1406,88,121,False,2018
18,New York Yankees_2018,27.2,5.25,5515,851,1374,269,23,267,821,63,21,625,1421,62,10,59,1100,28.8,4.13,100,62,0.617,11,49,1311,669,177,494,9,1634,58,6141,1103,0.684,5807,4369,1344,94,95,True,2018
19,Oakland Athletics_2018,28.0,5.02,5579,813,1407,322,20,227,778,35,21,550,1381,76,6,44,1085,29.2,4.16,97,65,0.599,14,44,1303,674,184,474,19,1237,53,6099,1028,0.717,6080,4397,1594,89,125,True,2018
20,Philadelphia Phillies_2018,26.7,4.18,5424,677,1270,241,30,186,653,69,26,582,1520,64,32,32,1120,26.8,4.49,80,82,0.494,12,44,1366,728,171,500,35,1465,60,6138,1073,0.677,5938,4337,1478,123,138,False,2018
21,Pittsburgh Pirates_2018,27.8,4.3,5447,692,1381,290,38,157,665,70,38,474,1229,59,31,52,1071,26.5,4.3,82,79,0.509,16,40,1380,693,174,497,43,1336,69,6144,1149,0.686,5884,4302,1477,105,129,False,2018
22,San Diego Padres_2018,26.8,3.81,5486,617,1289,250,30,162,583,95,36,471,1523,31,35,36,1028,27.7,4.73,66,96,0.407,5,36,1430,767,185,519,28,1399,68,6254,1116,0.68,6010,4371,1539,100,127,False,2018
23,Seattle Mariners_2018,29.8,4.18,5513,677,1402,256,32,176,644,79,37,430,1221,70,29,41,1084,29.0,4.39,89,73,0.549,12,60,1396,711,195,400,21,1328,72,6073,1016,0.691,5920,4346,1486,88,152,False,2018
24,San Francisco Giants_2018,29.8,3.72,5541,603,1324,255,30,133,573,77,34,448,1467,49,33,42,1101,28.6,4.31,73,89,0.451,15,36,1387,699,156,524,37,1269,45,6191,1108,0.692,6086,4384,1605,97,160,False,2018
25,St. Louis Cardinals_2018,28.0,4.69,5498,759,1369,248,9,205,725,63,32,525,1380,80,46,48,1101,26.7,4.27,88,74,0.543,8,43,1354,691,144,593,49,1337,67,6271,1214,0.685,6039,4366,1540,133,151,False,2018
26,Tampa Bay Rays_2018,27.1,4.42,5475,716,1415,274,43,150,664,128,51,540,1388,101,28,50,1156,27.1,3.99,90,72,0.556,14,52,1236,646,164,501,34,1421,53,5992,1001,0.708,5913,4345,1483,85,136,False,2018
27,Texas Rangers_2018,27.4,4.55,5453,737,1308,266,24,194,696,74,35,555,1484,88,33,34,1093,30.4,5.23,67,95,0.414,5,42,1516,848,222,491,23,1121,72,6231,1090,0.682,5971,4293,1558,120,168,False,2018
28,Toronto Blue Jays_2018,28.9,4.38,5477,709,1336,320,16,217,680,47,30,499,1387,58,5,37,1036,29.3,5.14,73,89,0.451,3,39,1476,832,208,551,19,1298,67,6265,1132,0.678,5849,4301,1447,101,138,False,2018
29,Washington Nationals_2018,27.6,4.76,5517,771,1402,284,25,191,737,119,33,631,1289,59,41,40,1180,30.2,4.21,82,80,0.506,7,40,1320,682,198,487,37,1417,76,6087,1067,0.703,5765,4338,1363,64,115,False,2018
0,Arizona Diamondbacks_2017,28.3,5.01,5525,812,1405,314,39,220,776,103,30,578,1456,54,39,27,1118,28.7,4.07,93,69,0.574,11,43,1309,659,171,516,45,1482,38,6072,1090,0.687,6035,4323,1604,108,140,True,2017
1,Atlanta Braves_2017,28.7,4.52,5584,732,1467,289,26,165,706,77,31,474,1184,66,59,32,1127,29.4,5.07,72,90,0.444,6,36,1463,821,192,584,39,1258,70,6306,1161,0.683,5999,4324,1578,97,137,False,2017
2,Baltimore Orioles_2017,28.6,4.59,5650,743,1469,269,12,232,713,32,13,392,1412,50,10,37,1041,28.2,5.19,75,87,0.463,10,35,1505,841,242,579,21,1233,60,6293,1129,0.683,6026,4323,1609,94,175,False,2017
3,Boston Red Sox_2017,27.3,4.85,5669,785,1461,302,19,168,735,106,31,571,1224,53,9,36,1134,28.4,4.12,93,69,0.574,11,39,1384,668,195,465,18,1580,49,6217,1102,0.68,5944,4447,1390,107,126,True,2017
4,Chicago Cubs_2017,27.1,5.07,5496,822,1402,274,29,223,785,62,31,622,1401,82,48,32,1147,30.8,4.29,92,70,0.568,8,38,1294,695,194,554,29,1439,66,6108,1071,0.699,6093,4342,1656,95,139,True,2017
5,Chicago White Sox_2017,26.7,4.36,5513,706,1412,256,37,186,670,71,31,401,1397,76,35,33,1055,28.7,5.06,67,95,0.414,3,25,1384,820,242,632,36,1193,68,6200,1115,0.7,5920,4265,1541,114,157,False,2017
6,Cincinnati Reds_2017,27.1,4.65,5484,753,1390,249,38,219,715,120,39,565,1329,72,50,42,1135,27.6,5.36,68,94,0.42,8,33,1442,869,248,631,37,1300,77,6286,1127,0.691,5994,4290,1623,81,132,False,2017
7,Cleveland Indians_2017,28.0,5.05,5511,818,1449,333,29,212,780,88,23,604,1153,50,23,45,1158,28.9,3.48,102,60,0.63,19,37,1267,564,163,406,15,1614,45,5866,980,0.683,5845,4322,1447,76,167,True,2017
8,Colorado Rockies_2017,28.3,5.09,5534,824,1510,293,38,192,793,59,34,519,1408,44,62,41,1088,27.0,4.67,87,75,0.537,9,47,1453,757,190,532,20,1270,50,6177,1107,0.683,6120,4313,1730,77,168,True,2017
9,Detroit Tigers_2017,29.6,4.54,5556,735,1435,289,35,187,699,65,34,503,1313,52,11,27,1104,28.3,5.52,64,98,0.395,4,32,1587,894,218,538,42,1202,61,6298,1143,0.668,5734,4261,1389,84,146,False,2017
10,Houston Astros_2017,28.8,5.53,5611,896,1581,346,20,238,854,98,42,509,1087,70,11,61,1094,28.5,4.32,101,61,0.623,9,45,1314,700,192,522,17,1593,70,6111,1073,0.682,5963,4338,1526,99,153,True,2017
11,Kansas City Royals_2017,28.9,4.33,5536,702,1436,260,24,193,660,91,31,390,1166,45,17,37,1005,30.3,4.88,80,82,0.494,6,39,1480,791,196,519,24,1216,52,6218,1114,0.685,5916,4313,1524,79,145,False,2017
12,Los Angeles Angels_2017,30.0,4.38,5415,710,1314,251,14,186,678,136,44,523,1198,70,17,46,1033,29.1,4.38,80,82,0.494,10,43,1373,709,224,470,25,1312,44,6030,999,0.7,5864,4322,1462,80,135,False,2017
13,Los Angeles Dodgers_2017,27.9,4.75,5408,770,1347,312,20,221,730,77,28,649,1380,64,31,38,1146,29.7,3.58,104,58,0.642,16,51,1226,580,184,442,33,1549,40,5925,1011,0.703,5789,4334,1367,88,131,True,2017
14,Miami Marlins_2017,28.4,4.8,5602,778,1497,271,31,194,743,91,30,486,1282,67,50,41,1130,28.7,5.07,77,85,0.475,7,34,1450,822,193,627,59,1202,75,6318,1168,0.691,5955,4328,1554,73,156,False,2017
15,Milwaukee Brewers_2017,27.4,4.52,5467,732,1363,267,22,224,695,128,41,547,1571,53,42,26,1088,28.3,4.3,86,76,0.531,12,54,1381,697,185,553,45,1346,64,6164,1130,0.684,6076,4337,1624,115,164,False,2017
16,Minnesota Twins_2017,27.0,5.03,5557,815,1444,286,31,206,781,95,28,593,1342,46,26,39,1147,29.6,4.86,85,77,0.525,11,42,1487,788,224,483,37,1166,69,6205,1109,0.692,5863,4308,1477,78,143,True,2017
17,New York Mets_2017,28.8,4.54,5510,735,1379,286,28,224,713,58,23,529,1291,57,36,37,1099,27.5,5.33,70,92,0.432,5,34,1538,863,220,593,51,1374,55,6378,1211,0.667,5852,4304,1456,92,125,False,2017
18,New York Yankees_2017,28.6,5.3,5594,858,1463,266,23,241,821,90,22,616,1386,64,18,56,1184,27.8,4.07,91,71,0.562,7,36,1248,660,192,504,18,1560,53,6078,1072,0.703,5909,4346,1468,95,102,True,2017
19,Oakland Athletics_2017,28.7,4.56,5464,739,1344,305,15,234,708,57,22,565,1491,43,13,40,1075,27.9,5.1,75,87,0.463,6,35,1444,826,210,502,17,1202,61,6167,1048,0.686,6011,4293,1597,121,162,False,2017
20,Philadelphia Phillies_2017,26.6,4.26,5535,690,1382,287,36,174,654,59,25,494,1417,47,21,36,1079,26.8,4.83,66,96,0.407,7,33,1471,782,221,527,39,1309,63,6235,1130,0.683,5902,4323,1497,82,145,False,2017
21,Pittsburgh Pirates_2017,28.2,4.12,5458,668,1331,249,36,151,635,67,36,519,1213,88,42,28,1129,27.1,4.51,75,87,0.463,12,36,1464,731,182,511,32,1262,58,6208,1155,0.679,6083,4322,1662,99,156,False,2017
22,San Diego Padres_2017,26.2,3.73,5356,604,1251,227,31,189,576,89,33,460,1499,53,52,33,1037,27.7,5.04,71,91,0.438,12,45,1417,816,226,554,28,1325,75,6169,1061,0.683,6028,4292,1623,113,177,False,2017
23,Seattle Mariners_2017,29.5,4.63,5551,750,1436,281,17,200,714,89,35,487,1267,78,14,35,1084,27.8,4.77,78,84,0.481,9,39,1399,772,237,490,28,1244,53,6132,1039,0.7,5846,4321,1422,103,147,False,2017
24,San Francisco Giants_2017,29.5,3.94,5551,639,1382,290,28,128,612,76,34,467,1204,36,31,52,1093,28.9,4.79,64,98,0.395,5,32,1515,776,182,496,42,1234,50,6287,1155,0.679,5965,4356,1522,87,127,False,2017
25,St. Louis Cardinals_2017,28.0,4.7,5470,761,1402,284,28,196,728,81,31,593,1348,65,47,44,1118,28.3,4.35,83,79,0.512,12,43,1393,705,183,493,50,1351,67,6153,1097,0.687,6039,4351,1594,94,164,False,2017
26,Tampa Bay Rays_2017,28.3,4.28,5478,694,1340,226,32,228,671,88,34,545,1538,55,16,48,1114,27.6,4.35,80,82,0.494,9,53,1324,704,193,503,37,1352,48,6099,1060,0.701,5868,4335,1433,100,129,False,2017
27,Texas Rangers_2017,28.3,4.93,5430,799,1326,255,21,237,756,113,44,544,1493,81,27,39,1015,28.8,5.04,78,84,0.481,6,29,1443,816,214,559,22,1107,74,6211,1092,0.695,6027,4303,1616,108,173,False,2017
28,Toronto Blue Jays_2017,30.9,4.28,5499,693,1320,269,5,222,661,53,24,542,1327,51,25,35,1064,28.8,4.84,76,86,0.469,6,45,1460,784,203,549,25,1372,48,6316,1137,0.682,6057,4395,1570,92,145,False,2017
29,Washington Nationals_2017,29.2,5.06,5553,819,1477,311,31,215,796,108,30,542,1327,31,43,45,11,30.1,4.15,97,65,0.599,5,46,1300,672,189,495,39,1457,60,6068,1056,0.698,5860,4340,1434,86,139,True,2017
0,Arizona Diamondbacks_2016,26.7,4.64,5665,752,1479,285,56,190,709,137,31,463,1427,50,43,38,1113,26.4,5.49,69,93,0.426,7,31,1563,890,202,603,57,1318,57,6437,1193,0.665,6118,4354,1663,101,143,False,2016
1,Atlanta Braves_2016,28.9,4.03,5514,649,1404,295,27,122,615,75,34,502,1240,59,64,52,1160,26.4,4.84,68,93,0.422,9,39,1414,779,177,547,55,1227,70,6250,1128,0.692,6009,4343,1565,101,134,False,2016
2,Baltimore Orioles_2016,28.5,4.59,5524,744,1413,265,6,253,710,19,13,468,1324,44,17,36,1065,27.9,4.41,89,73,0.549,9,54,1408,715,183,545,23,1248,51,6122,1111,0.688,5955,4296,1579,80,165,True,2016
3,Boston Red Sox_2016,28.5,5.42,5670,878,1598,343,25,208,836,83,24,558,1160,43,8,40,1162,29.0,4.28,93,69,0.574,5,43,1342,694,176,490,16,1362,65,6073,1060,0.695,5821,4319,1427,75,139,True,2016
4,Chicago Cubs_2016,27.4,4.99,5503,808,1409,293,30,199,767,66,34,656,1339,96,42,37,1217,29.9,3.43,103,58,0.64,15,38,1125,556,163,495,24,1441,63,5933,998,0.728,6115,4379,1635,101,116,True,2016
5,Chicago White Sox_2016,28.3,4.23,5550,686,1428,277,33,168,656,77,36,455,1285,53,29,44,1105,28.6,4.41,78,84,0.481,10,43,1422,715,185,521,30,1270,68,6196,1141,0.687,5971,4340,1536,95,148,False,2016
6,Cincinnati Reds_2016,27.8,4.42,5487,716,1403,277,33,164,678,139,51,452,1284,52,58,44,1014,27.1,5.27,68,94,0.42,8,28,1457,854,258,636,31,1241,78,6348,1168,0.694,5977,4326,1549,102,142,False,2016
7,Cleveland Indians_2016,29.0,4.83,5484,777,1435,308,29,185,733,134,31,531,1246,49,31,60,1084,28.1,4.2,94,67,0.584,11,37,1330,676,186,461,34,1398,34,6033,1022,0.696,6032,4335,1608,89,126,True,2016
8,Colorado Rockies_2016,27.8,5.22,5614,845,1544,318,47,204,805,66,39,494,1330,40,54,34,1089,27.7,5.31,75,87,0.463,9,37,1532,860,181,547,38,1223,70,6289,1141,0.667,6147,4288,1749,110,148,False,2016
9,Detroit Tigers_2016,29.9,4.66,5526,750,1476,252,30,211,719,58,29,493,1303,53,17,38,1105,29.0,4.48,86,75,0.534,8,47,1417,721,182,462,25,1232,51,6048,1043,0.689,5896,4284,1537,75,148,False,2016
10,Houston Astros_2016,26.4,4.47,5545,724,1367,291,29,198,689,102,44,554,1452,47,27,31,1086,28.9,4.33,84,78,0.519,8,44,1441,701,181,453,19,1396,39,6180,1075,0.681,6080,4404,1599,77,135,False,2016
11,Kansas City Royals_2016,28.5,4.17,5552,675,1450,264,33,147,640,121,35,382,1224,45,38,34,1049,29.9,4.4,81,81,0.5,7,41,1433,712,206,517,8,1287,60,6182,1150,0.687,5940,4320,1526,94,134,False,2016
12,Los Angeles Angels_2016,28.5,4.43,5431,717,1410,279,20,156,686,73,34,471,991,51,36,49,1037,28.4,4.49,74,88,0.457,12,29,1480,727,208,498,27,1136,56,6120,1129,0.685,5844,4264,1483,97,148,False,2016
13,Los Angeles Dodgers_2016,28.9,4.48,5518,725,1376,272,21,189,680,45,26,525,1321,58,30,32,1106,28.9,3.94,91,71,0.562,15,47,1266,638,165,464,51,1510,53,6014,1017,0.699,5887,4359,1448,80,101,True,2016
14,Miami Marlins_2016,28.3,4.07,5547,655,1460,259,42,128,626,71,28,447,1213,54,46,38,1171,28.0,4.24,79,82,0.491,12,55,1358,682,152,595,62,1379,61,6164,1177,0.683,5897,4305,1506,86,137,False,2016
15,Milwaukee Brewers_2016,27.5,4.14,5330,671,1299,249,19,194,641,181,56,599,1543,37,53,39,1071,28.1,4.52,73,89,0.451,7,46,1450,733,178,532,33,1175,66,6188,1152,0.68,6110,4303,1671,136,145,False,2016
16,Minnesota Twins_2016,26.9,4.46,5618,722,1409,288,35,200,690,91,32,513,1426,44,27,43,1124,28.3,5.49,59,103,0.364,3,26,1617,889,221,479,26,1191,41,6314,1096,0.662,6065,4329,1610,126,172,False,2016
17,New York Mets_2016,29.5,4.14,5459,671,1342,240,19,218,649,42,18,517,1302,62,35,41,1120,28.4,3.81,87,75,0.537,13,55,1397,617,152,439,39,1396,35,6067,1109,0.678,5950,4341,1519,90,138,True,2016
18,New York Yankees_2016,30.1,4.2,5458,680,1378,245,20,183,647,72,22,475,1188,42,21,49,1098,27.9,4.33,84,78,0.519,10,48,1358,702,214,444,15,1393,57,6023,1036,0.694,5907,4285,1536,86,116,False,2016
19,Oakland Athletics_2016,28.7,4.03,5500,653,1352,270,21,169,634,50,23,442,1145,33,13,34,1036,27.9,4.7,69,93,0.426,7,42,1459,761,185,464,28,1188,50,6144,1083,0.685,6027,4300,1630,97,152,False,2016
20,Philadelphia Phillies_2016,26.9,3.77,5434,610,1305,231,35,161,574,96,45,424,1376,58,46,30,1043,26.3,4.91,71,91,0.438,12,43,1468,796,213,466,30,1299,51,6164,1057,0.681,5911,4311,1503,97,142,False,2016
21,Pittsburgh Pirates_2016,28.9,4.5,5542,729,1426,277,32,153,696,110,45,561,1334,81,41,36,1173,28.6,4.68,78,83,0.484,5,51,1490,758,180,533,28,1232,68,6292,1182,0.676,6208,4352,1745,111,172,False,2016
22,San Diego Padres_2016,28.1,4.23,5419,686,1275,257,26,177,654,125,45,449,1500,58,36,36,965,28.1,4.75,68,94,0.42,9,35,1425,770,183,569,44,1222,53,6228,1138,0.687,6052,4320,1623,109,165,False,2016
23,Seattle Mariners_2016,30.5,4.74,5583,768,1446,251,17,223,735,56,28,506,1288,72,24,41,1099,28.8,4.36,86,76,0.531,8,49,1410,707,213,460,30,1318,55,6147,1069,0.694,6035,4371,1575,89,158,False,2016
24,San Francisco Giants_2016,29.2,4.41,5565,715,1437,280,54,130,675,79,36,572,1107,42,42,46,1188,30.0,3.9,87,75,0.537,11,43,1334,631,158,439,30,1309,46,6049,1037,0.702,6092,4381,1639,72,136,True,2016
25,St. Louis Cardinals_2016,28.5,4.81,5548,779,1415,299,32,225,745,35,26,526,1318,70,37,41,1113,28.0,4.4,86,76,0.531,10,38,1432,712,159,475,35,1290,52,6164,1107,0.679,6199,4345,1747,107,169,False,2016
26,Tampa Bay Rays_2016,27.7,4.15,5481,672,1333,288,32,216,647,60,37,449,1482,69,18,28,1060,26.9,4.4,68,94,0.42,8,42,1395,713,210,491,25,1357,32,6076,1084,0.687,5783,4279,1410,94,129,False,2016
27,Texas Rangers_2016,28.4,4.72,5525,765,1446,257,23,215,746,99,36,436,1220,70,18,40,1038,28.8,4.67,95,67,0.586,6,56,1441,757,201,534,16,1154,53,6186,1100,0.692,6081,4329,1655,97,190,True,2016
28,Toronto Blue Jays_2016,30.0,4.69,5479,759,1358,276,18,221,728,54,24,632,1362,55,26,40,1120,29.8,4.11,89,73,0.549,10,43,1340,666,183,461,10,1314,59,6113,1069,0.703,6088,4378,1622,88,144,True,2016
29,Washington Nationals_2016,28.8,4.71,5490,763,1403,268,29,203,735,121,39,536,1252,64,48,63,1105,29.1,3.78,95,67,0.586,12,46,1272,612,155,468,43,1476,57,6036,1044,0.7,5877,4379,1425,73,142,True,2016
0,Arizona Diamondbacks_2015,29.2,4.28,5460,693,1283,259,50,176,658,79,25,560,1460,52,38,45,1086,29.6,3.98,82,80,0.506,9,39,1313,644,174,522,43,1448,57,6139,1106,0.693,6183,4400,1697,86,146,False,2015
1,Atlanta Braves_2015,27.3,4.69,5582,759,1433,314,29,175,717,90,36,511,1290,66,49,43,1143,27.7,4.06,90,72,0.556,11,40,1236,657,153,635,43,1423,52,6155,1128,0.681,5959,4276,1593,90,186,False,2015
2,Baltimore Orioles_2015,28.4,3.84,5507,622,1317,242,15,188,593,81,22,422,1412,57,13,35,1027,27.1,5.51,47,115,0.29,7,28,1552,892,234,589,29,1203,67,6340,1155,0.691,5978,4304,1597,77,134,False,2015
3,Boston Red Sox_2015,27.7,5.41,5623,876,1509,355,31,208,829,125,31,569,1253,55,7,48,1124,28.9,3.99,108,54,0.667,14,46,1305,647,176,512,8,1558,84,6166,1143,0.68,6067,4345,1625,97,148,False,2015
4,Chicago Cubs_2015,27.2,4.67,5624,761,1453,286,34,167,722,66,38,576,1388,78,40,46,1224,30.2,3.96,95,68,0.583,18,46,1319,645,157,622,33,1333,66,6264,1190,0.695,6164,4384,1669,111,120,True,2015
5,Chicago White Sox_2015,26.5,4.05,5523,656,1332,259,40,182,639,98,41,425,1594,66,24,32,1050,27.6,5.23,62,100,0.383,8,34,1404,848,196,653,25,1259,89,6339,1180,0.673,6041,4358,1582,101,159,False,2015
6,Cincinnati Reds_2015,27.2,4.3,5532,696,1404,251,25,172,665,77,33,559,1376,65,49,35,1179,27.1,5.06,67,95,0.414,6,38,1491,819,228,532,60,1258,50,6279,1137,0.689,6072,4360,1622,90,131,False,2015
7,Cleveland Indians_2015,29.4,5.05,5595,818,1447,297,19,216,786,135,36,554,1189,80,25,44,1147,29.4,4.0,91,71,0.562,17,41,1349,648,200,407,29,1544,59,6071,1051,0.699,5905,4298,1528,79,136,False,2015
8,Colorado Rockies_2015,28.7,4.79,5541,780,1418,280,42,210,748,95,33,507,1397,51,42,37,1067,27.9,4.57,91,72,0.558,10,51,1377,745,184,525,24,1409,52,6154,1052,0.668,6192,4279,1818,95,171,False,2015
9,Detroit Tigers_2015,27.9,3.89,5494,630,1326,284,35,135,597,70,30,428,1341,52,15,40,1071,28.6,4.91,64,98,0.395,2,37,1423,796,216,491,20,1215,60,6130,1058,0.69,6048,4341,1621,86,165,False,2015
10,Houston Astros_2015,28.2,4.92,5453,797,1390,278,18,205,763,71,26,565,1197,61,14,45,1052,30.0,3.3,103,59,0.636,12,46,1164,534,152,435,4,1687,66,5913,1014,0.701,6025,4323,1617,85,131,True,2015
11,Kansas City Royals_2015,28.6,3.94,5505,638,1350,283,29,155,606,117,38,427,1310,67,24,40,1063,27.6,5.14,58,104,0.358,8,33,1542,833,205,549,28,1157,51,6284,1155,0.701,6055,4356,1611,88,138,True,2015
12,Los Angeles Dodgers_2015,28.1,4.93,5572,804,1394,296,33,235,756,75,24,647,1436,61,39,39,1163,29.2,3.74,92,71,0.564,11,48,1279,610,179,422,39,1565,61,6096,1058,0.692,6139,4337,1727,75,133,True,2015
13,Miami Marlins_2015,27.5,3.66,5488,589,1303,222,24,128,554,45,31,455,1384,73,32,31,1123,27.6,5.02,63,98,0.391,12,30,1388,809,192,605,73,1249,71,6236,1101,0.694,5946,4281,1588,77,162,False,2015
14,Milwaukee Brewers_2015,28.8,4.63,5542,754,1398,252,24,218,711,124,32,537,1458,58,29,41,1106,28.8,4.04,96,67,0.589,14,49,1259,659,173,553,34,1428,61,6114,1072,0.679,6099,4305,1678,116,164,False,2015
15,Minnesota Twins_2015,28.2,4.56,5526,738,1379,317,22,166,704,47,27,534,1328,37,19,38,1087,28.5,4.78,78,84,0.481,7,37,1425,775,198,573,34,1377,80,6287,1182,0.687,6052,4329,1637,86,150,False,2015
16,New York Mets_2015,28.3,4.17,5468,676,1282,265,34,170,649,71,39,566,1404,73,28,42,1104,28.0,4.36,77,85,0.475,15,41,1364,707,185,484,32,1446,71,6178,1089,0.697,6075,4388,1599,88,131,True,2015
17,New York Yankees_2015,27.2,5.25,5515,851,1374,269,23,267,821,63,21,625,1421,62,10,59,1100,28.8,4.13,100,62,0.617,11,49,1311,669,177,494,9,1634,58,6141,1103,0.685,6060,4373,1594,93,135,True,2015
18,Oakland Athletics_2015,28.0,5.02,5579,813,1407,322,20,227,778,35,21,550,1381,76,6,44,1085,29.2,4.16,97,65,0.599,14,44,1303,674,184,474,19,1237,53,6099,1028,0.691,6102,4334,1642,126,154,False,2015
19,Philadelphia Phillies_2015,26.7,4.18,5424,677,1270,241,30,186,653,69,26,582,1520,64,32,32,1120,26.8,4.49,80,82,0.494,12,44,1366,728,171,500,35,1465,60,6138,1073,0.667,6011,4309,1585,117,145,False,2015
20,Pittsburgh Pirates_2015,27.8,4.3,5447,692,1381,290,38,157,665,70,38,474,1229,59,31,52,1071,26.5,4.3,82,79,0.509,16,40,1380,693,174,497,43,1336,69,6144,1149,0.679,6459,4469,1868,122,177,True,2015
21,San Diego Padres_2015,26.8,3.81,5486,617,1289,250,30,162,583,95,36,471,1523,31,35,36,1028,27.7,4.73,66,96,0.407,5,36,1430,767,185,519,28,1399,68,6254,1116,0.683,5979,4321,1566,92,138,False,2015
22,Seattle Mariners_2015,29.8,4.18,5513,677,1402,256,32,176,644,79,37,430,1221,70,29,41,1084,29.0,4.39,89,73,0.549,12,60,1396,711,195,400,21,1328,72,6073,1016,0.688,6168,4389,1685,94,155,False,2015
23,San Francisco Giants_2015,29.8,3.72,5541,603,1324,255,30,133,573,77,34,448,1467,49,33,42,1101,28.6,4.31,73,89,0.451,15,36,1387,699,156,524,37,1269,45,6191,1108,0.706,6085,4333,1674,78,145,False,2015
24,St. Louis Cardinals_2015,28.0,4.69,5498,759,1369,248,9,205,725,63,32,525,1380,80,46,48,1101,26.7,4.27,88,74,0.543,8,43,1354,691,144,593,49,1337,67,6271,1214,0.688,6107,4394,1617,96,159,True,2015
25,Tampa Bay Rays_2015,27.1,4.42,5475,716,1415,274,43,150,664,128,51,540,1388,101,28,50,1156,27.1,3.99,90,72,0.556,14,52,1236,646,164,501,34,1421,53,5992,1001,0.701,5863,4360,1408,95,118,False,2015
26,Texas Rangers_2015,27.4,4.55,5453,737,1308,266,24,194,696,74,35,555,1484,88,33,34,1093,30.4,5.23,67,95,0.414,5,42,1516,848,222,491,23,1121,72,6231,1090,0.687,6142,4328,1695,119,169,True,2015
27,Toronto Blue Jays_2015,28.9,4.38,5477,709,1336,320,16,217,680,47,30,499,1387,58,5,37,1036,29.3,5.14,73,89,0.451,3,39,1476,832,208,551,19,1298,67,6265,1132,0.708,6003,4323,1592,88,145,True,2015
28,Washington Nationals_2015,27.6,4.76,5517,771,1402,284,25,191,737,119,33,631,1289,59,41,40,1180,30.2,4.21,82,80,0.506,7,40,1320,682,198,487,37,1417,76,6087,1067,0.685,5927,4304,1533,90,125,False,2015
